指标名称,a,进出口金额:当月同比,社会消费品零售总额:当月同比,CPI:当月同比,PPI:全部工业品:当月同比,社会融资规模:当月值,M2:同比,M1:同比,人民币存款准备金率:大型存款类金融机构(月),人民币存款准备金率:中小型存款类金融机构(月),商品房销售面积:累计同比,商品房销售额:累计同比,PMI,财新中国PMI,财政收支差额:当月值,金融机构:财政存款余额,金融机构:机关团体存款余额,实际使用外资金额:外商直接投资:当月同比,官方储备资产:外汇储备,金融机构:人民币:资金运用:中央银行外汇占款,金融机构:贷款占比:基准利率,人民币:实际有效汇率指数,人民币:名义有效汇率指数
5-Sep,16.5,24.7,12.7,0.9,4.5,"6,041.00",17.92,11.64,7.5,7.5,23,33.8,55.1,50.9,-523.79,"10,618.62","10,750.19",5,"7,690.04","66,300.78",24.64,85.28,88.82
5-Oct,16.1,26.8,12.8,1.2,4,-974,17.99,12.08,7.5,7.5,22.2,33.6,54.1,50.1,764.55,"11,620.22","11,154.62",-2.2,"7,849.02","67,355.26",25.34,86.39,90.16
5-Nov,16.6,19.7,12.4,1.3,3.2,"2,368.00",18.3,12.7,7.5,7.5,20.8,33.3,54.1,49.8,-967.04,"11,427.10","11,649.17",0.5,"7,942.23","68,473.91",26.04,87.76,91.15
5-Dec,16.5,20,12.5,1.6,3.2,"2,524.00",17.57,11.78,7.5,7.5,15.7,30,54.3,50.1,"-5,939.55","7,996.26","12,052.33",11.1,"8,188.72","71,211.12",26.47,87.6,90.77
6-Jan,12.6,26.8,15.5,1.9,3.05,"6,323.00",19.21,10.63,7.5,7.5,11.75,22.35,52.1,50.2,"1,643.10","9,027.03","11,092.38",11,"8,451.80","74,007.00",27.05,86.89,89.23
6-Feb,20.1,25.7,9.4,0.9,3.01,"1,737.00",18.8,12.4,7.5,7.5,7.8,14.7,52.1,50.7,974.93,"9,532.06","11,366.05",4.4,"8,536.72","75,338.98",27.62,88.14,89.83
6-Mar,17.8,24.9,13.5,0.8,2.49,"7,472.00",18.8,12.7,7.5,7.5,10.2,13.4,55.3,51,390.28,"10,159.20","11,732.64",4.4,"8,750.70","76,492.83",28.2,86.92,89.94
6-Apr,16.6,19.8,13.6,1.2,1.87,"3,325.00",18.9,12.5,7.5,7.5,9.4,13.6,58.1,52.7,"1,542.00","12,300.48","11,968.22",3.7,"8,950.40","77,604.86",27.64,86,89.32
6-May,17.9,23.6,14.2,1.4,2.43,"3,785.00",19.1,14.01,7.5,7.5,14.7,21.4,54.8,52.8,894.18,"13,574.19","12,176.99",-7.9,"9,250.20","78,816.27",27.09,83.77,87.4
6-Jun,19.5,21.3,13.9,1.5,3.52,"3,843.00",18.43,13.9,7.5,7.5,16.5,24.5,54.1,52.9,-39.69,"12,382.06","12,634.33",-12.2,"9,411.15","82,874.24",26.53,84.46,88.73
6-Jul,16.7,21.3,13.7,1,3.58,"2,254.00",18.4,15.3,8,8,12.6,21.7,52.4,53,"1,519.03","14,571.57","12,847.18",2.8,"9,545.50","84,928.97",26.96,84.24,88.85
6-Aug,15.7,29,13.8,1.3,3.4,"3,362.00",17.9,15.6,8.5,8.5,8.9,18.2,53.1,52.6,90.94,"14,963.60","13,157.67",-8.5,"9,720.39","86,178.75",27.4,84.15,88.73
6-Sep,16.1,26.6,13.9,1.5,3.5,"3,077.00",16.83,15.7,8.5,8.5,10.5,18,57,52.4,-549.41,"14,808.18","13,738.01",2.7,"9,879.28","89,667.83",26.66,85.48,89.47
6-Oct,14.7,22.9,14.3,1.4,2.9,894,17.1,16.3,8.5,8.5,10.9,17.1,54.7,52.1,"1,130.06","16,923.20","13,994.31",15.9,"10,096.26","91,154.01",26.52,86.27,90.27
6-Nov,14.9,26.1,14.1,1.9,2.78,"2,788.00",16.8,16.8,9,9,12,17.9,55.3,53,"-1,123.05","16,396.96","14,222.34",20.6,"10,387.51","94,547.86",26.38,86.25,89.63
6-Dec,14.7,19.6,14.6,2.8,3.1,"3,837.00",16.94,17.48,9,9,12.2,18.5,54.8,52.4,"-7,595.10","10,926.68","15,045.85",21.7,"10,663.44","98,980.27",26.63,86.57,89.14
7-Jan,24.71,30.57,12.7,2.2,3.3,"6,908.00",15.93,20.21,9.5,9.5,6.35,18.95,55.1,52,"3,325.15","13,498.13","15,552.79",13.9,"11,046.92","102,112.26",27.1,88.43,90.48
7-Feb,12.6,32.81,16.9,2.7,2.6,"3,083.00",17.8,21,10,10,0.5,19.4,53.1,53,501.83,"13,341.90","14,812.79",12.1,"11,573.72","105,231.46",27.56,89.65,90.75
7-Mar,17.6,10.6,15.3,3.3,2.7,"6,311.00",17.3,19.8,10,10,12.8,27.4,56.1,52.3,667.89,"14,004.78","15,396.33",9.3,"12,020.31","107,747.79",27.85,88.21,90.19
7-Apr,17.4,24.27,15.5,3,2.9,"6,103.00",17.1,20,10.5,10.5,16.4,30,58.6,53.3,"2,611.94","16,951.00","15,448.57",5.5,"12,465.66","110,049.40",28.28,87.13,89.64
7-May,18.1,24.39,15.9,3.4,2.8,"3,824.00",16.74,19.28,11,11,16.6,28.5,55.7,54.1,"1,185.30","19,050.20","15,966.11",8.7,"12,926.71","112,397.35",28.7,87.72,90.26
7-Jun,19.4,21.43,16,4.4,2.49,"7,042.00",17.06,20.92,11.5,11.5,21.5,33.8,54.5,55,-94.26,"19,166.24","16,581.91",21.9,"13,326.25","114,449.63",29.13,88.69,91.03
7-Jul,18,30.9,16.4,5.6,2.4,"3,100.00",18.5,20.9,11.5,11.5,25.1,39.2,53.3,53.2,"1,975.76","21,385.71","16,731.54",17.8,"13,852.00","118,212.40",28.3,89.01,90.62
7-Aug,17.5,21.45,17.1,6.5,2.6,"6,961.00",18.1,22.8,12,12,29.3,45.6,54,53.4,68.75,"21,218.78","17,218.41",11.9,"14,086.41","120,348.58",27.48,89.94,90.74
7-Sep,18.9,19.43,17,6.2,2.7,"5,290.00",18.45,22.07,12.5,12.5,32.1,50.5,56.1,55,-341.79,"21,327.01","17,686.64",-2.4,"14,336.11","125,736.15",26.65,89.7,90.44
7-Oct,17.9,23.53,18.1,6.5,3.2,"3,688.00",18.47,22.21,13,13,31.3,51.5,53.2,55.2,"1,786.87","23,419.87","18,015.17",13.2,"14,548.98","127,168.66",27,88.45,89.46
7-Nov,17.3,23.71,18.8,6.9,4.55,"3,073.00",18.45,21.67,13.5,13.5,30.5,48.7,55.4,52.8,-595.09,"23,923.30","18,140.50",35,"14,969.06","130,680.67",36.92,88.54,88.97
7-Dec,17.4,23.29,20.2,6.5,5.43,"4,281.00",16.72,21.01,14.5,14.5,23.2,42.1,55.3,53.3,"-9,573.70","17,632.46","19,032.56",-28.5,"15,282.49","128,377.32",27.69,90.27,90.13
8-Jan,15.4,27.15,21.2,7.1,6.1,"10,859.00",18.94,20.72,15,15,9.5,19,53,53.2,"4,382.50","20,656.04","18,421.69",109.8,"15,898.10","134,917.96",29.77,91.99,90.98
8-Feb,15.4,18.51,19.1,8.7,6.62,"4,731.00",17.48,19.2,15,15,-4.2,-4.1,53.4,52.8,"1,475.90","22,286.49","18,385.45",38.3,"16,471.34","138,485.83",30.04,94.8,91.52
8-Mar,17.8,27.83,21.5,8.3,7.95,"6,391.00",16.29,18.25,15.5,15.5,-2,1.1,58.4,54.4,606.14,"22,779.98","18,801.44",39.6,"16,821.77","142,490.73",37.92,92.35,90.56
8-Apr,15.7,24.2,22,8.5,8.12,"7,076.00",16.94,19.05,16,16,-4.9,-1.5,59.2,55.4,"2,746.44","25,468.75","18,755.03",52.7,"17,566.55","147,742.17",28.87,92.81,91.4
8-May,16,33.65,21.6,7.7,8.22,"5,678.00",18.07,17.93,16.5,16.5,-7.2,-2.8,53.3,54.7,"2,243.52","28,165.79","19,210.24",37.9,"17,969.61","151,402.66",30.53,93.15,92.79
8-Jun,16,23.3,23,7.1,8.84,"5,976.00",17.37,14.19,17.5,17.5,-7.2,-3,52,53.3,471.61,"28,005.35","19,645.58",14.6,"18,088.28","153,568.81",32.81,93.64,94.18
8-Jul,14.7,29.85,23.3,6.3,10.03,"4,890.00",16.35,13.96,17.5,17.5,-10.8,-7,48.4,53.3,"1,512.08","29,853.22","19,738.77",38.5,"18,451.64","156,908.16",30.93,93.6,94.39
8-Aug,12.8,22.13,23.2,4.9,10.06,"4,575.00",16,11.48,17.5,17.5,-14.7,-12.7,48.4,49.2,-187.81,"29,457.83","20,645.75",20.4,"18,841.53","158,734.20",30.46,95.76,96.73
8-Sep,11.4,21.4,23.2,4.6,9.13,"5,659.00",15.29,9.43,17.5,16.5,-14.9,-15,51.2,47.7,-731.72,"27,781.46","21,148.91",24.2,"19,055.85","162,515.43",31.15,98.39,99.34
8-Oct,8.2,17.52,22,4,6.59,"1,288.00",15.02,8.85,17,16,-16.5,-17.4,44.6,45.2,"1,185.78","29,846.61","21,353.33",-2,"18,796.88","164,172.71",29.87,102.61,103.92
8-Nov,5.4,-9.17,20.8,2.4,1.99,"4,517.00",14.8,6.8,17,16,-18.3,-19.8,38.8,40.9,"-1,461.63","28,443.25","20,983.76",-36.52,"18,847.17","165,296.52",32.13,105.27,106.46
8-Dec,5.7,-11.17,19,1.2,-1.14,"8,164.00",17.82,9.06,15.5,13.5,-19.7,-19.5,41.2,41.2,"-13,353.00","18,040.04","21,962.77",-5.73,"19,460.30","168,431.11",30.13,102.84,103.86
9-Jan,-2.93,-29.08,18.5,1,-3.35,"13,990.00",18.79,6.68,15.5,13.5,-10,-4.15,45.3,42.2,"2,138.16","18,531.46","20,786.72",-32.67,"19,134.56","169,845.11",34.27,104.83,104.73
9-Feb,11,-24.97,11.6,-1.6,-4.47,"11,131.00",20.48,10.87,15.5,13.5,-0.3,11.2,49,45.1,298.15,"18,900.66","21,376.70",-15.81,"19,120.66","171,419.19",33.56,107.63,107.51
9-Mar,8.3,-20.89,14.7,-1.2,-6,"22,011.00",25.51,17.04,15.5,13.5,8.2,23.1,52.4,44.8,-605.18,"17,162.27","22,392.96",-9.5,"19,537.41","172,630.53",35.18,107.42,108.18
9-Apr,7.3,-22.81,14.8,-1.5,-6.6,"5,452.00",25.89,17.48,15.5,13.5,17.5,35.4,53.5,50.1,819.1,"18,687.04","22,938.27",-22.51,"20,088.80","174,161.86",33.48,104.93,106.17
9-May,8.9,-25.79,15.2,-1.4,-7.2,"14,959.00",25.74,18.69,15.5,13.5,25.5,45.3,53.1,51.2,"1,961.46","23,161.16","23,354.25",-17.81,"20,894.91","176,587.51",32.4,101.56,103.23
9-Jun,10.7,-17.49,15,-1.7,-7.8,"21,067.00",28.46,24.79,15.5,13.5,31.7,53,53.2,51.8,461.89,"24,924.78","24,458.77",-6.8,"21,316.06","177,914.67",33.7,99.59,101.95
9-Jul,10.8,-19.22,15.2,-1.8,-8.2,"7,388.00",28.42,26.37,15.5,13.5,37.1,60.4,53.3,52.8,"1,710.24","28,660.60","25,217.32",-35.7,"21,746.18","180,119.23",32.18,99.19,101.44
9-Aug,12.3,-20.5,15.4,-1.2,-7.86,"7,650.00",28.53,27.72,15.5,13.5,42.9,69.9,54,55.1,500.35,"30,244.82","25,961.16",7,"22,108.27","181,306.77",30.79,98.4,100.58
9-Sep,13.9,-10.05,15.5,-0.8,-6.99,"11,871.00",29.31,29.51,15.5,13.5,44.8,73.4,54.3,55,-968.08,"28,374.47","26,867.55",18.93,"22,725.95","185,374.46",30.61,97.48,99.19
9-Oct,16.1,-10.75,16.2,-0.5,-5.85,"5,985.00",29.42,32.03,15.5,13.5,48.4,79.2,55.2,55.4,"2,161.67","31,542.41","27,451.75",5.7,"23,282.72","187,660.04",30.9,95.93,97.78
9-Nov,19.2,9.87,15.8,0.6,-2.08,"9,501.00",29.74,34.63,15.5,13.5,53,86.8,55.2,55.7,"-1,320.63","32,274.09","28,053.19",31.97,"23,887.88","190,202.98",30.53,95.72,97.14
9-Dec,18.5,32.76,17.5,1.9,1.7,"8,100.00",27.68,32.35,15.5,13.5,43.6,75.5,56.6,56.1,"-14,554.00","22,411.49","29,559.56",103.06,"23,991.52","193,112.47",30.26,97.26,97.87
10-Jan,29.2,44.53,14,1.5,4.32,"20,550.00",25.98,38.96,16,14,40.9,72.85,55.8,57.4,"5,192.86","26,376.74","51,286.26",7.79,"24,152.21","196,094.14",31.18,97.98,98.24
10-Feb,12.8,45.36,22.1,2.7,5.39,"10,877.00",25.52,34.99,16.5,14.5,38.2,70.2,52,55.8,4.76,"25,257.21","50,551.00",1.08,"24,245.91","197,889.10",31.95,100.45,99.59
10-Mar,18.1,42.86,18,2.4,5.91,"13,830.00",22.5,29.94,16.5,14.5,35.8,57.7,55.1,57,99.49,"24,933.22","53,367.79",12.08,"24,470.84","200,590.60",28.91,99,99.33
10-Apr,17.8,39.43,18.5,2.8,6.81,"14,919.00",21.48,31.25,16.5,14.5,32.8,55.4,55.7,55.2,"2,350.11","28,374.38","54,040.62",24.69,"24,905.12","203,453.70",31.18,98.93,99.41
10-May,16.5,48.37,18.66,3.1,7.13,"10,805.00",21,29.9,17,15,22.5,38.4,53.9,52.7,"2,130.96","32,227.70","55,178.04",27.48,"24,395.06","204,769.34",29.55,101.43,102.02
10-Jun,13.7,39.09,18.3,2.9,6.41,"10,196.00",18.46,24.56,17,15,15.4,25.4,52.1,50.4,-239.75,"32,116.36","57,373.32",39.6,"24,542.75","205,940.83",30.89,101.92,103.19
10-Jul,13.4,30.81,17.9,3.3,4.84,"7,202.00",17.6,22.9,17,15,9.7,16.8,51.2,49.4,"1,972.31","35,398.42","58,198.02",29.2,"25,388.94","207,938.31",29.72,100.8,101.62
10-Aug,13.9,34.81,18.4,3.5,4.32,"10,646.00",19.2,21.9,17,15,6.7,12.6,51.7,51.9,-794.34,"36,399.18","60,461.87",1.38,"25,478.38","210,368.09",29.31,99.77,100.18
10-Sep,13.3,24.75,18.84,3.6,4.33,"11,224.00",18.96,20.87,17,15,8.2,15.9,53.8,52.9,"-2,181.85","33,942.91","62,384.90",6.14,"26,483.03","213,263.73",30.19,99.76,99.84
10-Oct,13.1,24.07,18.64,4.4,5.04,"8,608.00",19.3,22.1,17,15,9.1,17.3,54.7,54.8,"1,372.01","36,935.04","63,541.29",7.86,"27,608.99","218,565.53",29.8,98.3,97.98
10-Nov,13.3,36.44,18.7,5.1,6.06,"10,554.00",19.5,22.1,18,16,9.8,17.5,55.2,55.3,"-4,758.95","34,815.89","65,213.35",38.17,"27,678.09","221,761.96",30.6,100.19,98.75
10-Dec,13.5,21.6,19.1,4.6,5.93,"10,780.00",19.72,21.19,18.5,16.5,10.1,18.3,53.9,54.4,"-11,642.00","25,454.97","66,174.72",15.57,"28,473.38","225,795.14",29.16,101.46,99.86
11-Jan,13.3,44.19,19.9,4.9,6.6,"17,560.00",17.2,13.6,19,17,11.95,22.85,52.9,54.5,"5,088.41","29,019.82","88,434.52",23.4,"29,316.74","230,811.62",29.45,101.81,99.66
11-Feb,14.9,10.82,11.6,4.94,7.23,"6,468.00",15.7,14.5,19.5,17.5,13.8,27.4,52.2,51.7,"2,922.21","32,399.93","90,591.13",32.2,"29,913.86","232,956.85",31.8,102.36,99.23
11-Mar,14.8,31.5,17.4,5.38,7.31,"18,212.00",16.6,15,20,18,14.9,27.3,53.4,51.8,61.35,"29,981.64","94,208.95",32.9,"30,446.74","237,035.96",30.22,100.78,98.61
11-Apr,13.4,25.88,17.1,5.34,6.82,"13,673.00",15.3,12.9,20.5,18.5,6.3,13.3,52.9,51.8,"2,777.61","34,082.28","95,133.92",15.21,"31,458.43","240,143.14",28.43,99.63,97.86
11-May,13.3,23.5,16.9,5.52,6.79,"10,854.00",15.1,12.7,21,19,9.1,18.1,52,51.6,"2,344.26","37,613.66","96,994.17",13.43,"31,659.97","243,907.28",27.96,99.81,98.07
11-Jun,15.1,18.51,17.7,6.36,7.12,"10,873.00",15.9,13.1,21.5,19.5,12.9,24.1,50.9,50.1,-753.36,"36,271.44","101,309.36",2.83,"31,974.91","246,680.56",28.91,100.12,98.23
11-Jul,14,22.05,17.2,6.45,7.54,"5,393.00",14.7,11.6,21.5,19.5,13.6,26.1,50.7,49.3,"2,914.18","40,863.16","101,717.47",19.83,"32,452.83","248,876.20",26.72,100.43,98.07
11-Aug,13.5,27.02,17,6.15,7.25,"10,741.00",13.5,11.2,21.5,19.5,13.6,25.9,50.9,49.9,-530.59,"41,878.27","103,700.88",11.11,"32,624.99","252,645.60",25.27,101.25,98.79
11-Sep,13.8,18.77,17.7,6.07,6.52,"4,279.00",13,8.9,21.5,19.5,12.9,23.2,51.2,49.9,"-2,641.50","38,160.06","106,658.61",7.88,"32,016.83","255,118.23",25.86,104.48,101.68
11-Oct,13.2,21.44,17.2,5.5,5,"7,908.00",12.9,8.4,21.5,19.5,10,18.5,50.4,51,"1,109.31","42,110.89","107,118.32",8.75,"32,737.96","254,869.31",29.96,105.77,103.01
11-Nov,12.4,17.53,17.3,4.23,2.72,"9,581.00",12.7,7.8,21.5,19.5,8.5,16,49,47.7,"-4,938.86","38,348.24","107,887.91",-9.76,"32,209.07","254,590.31",26.9,106.45,103.77
11-Dec,12.8,12.58,18.1,4.07,1.69,"12,744.00",13.6,7.9,21,19,4.9,12.1,50.3,48.7,"-13,543.22","26,223.07","109,127.62",-12.73,"31,811.48","253,587.01",26.96,108.08,105.18
12-Jan,2.8,-7.75,13.1,4.5,0.73,"9,754.00",12.4,3.1,21,19,-4.55,-4.4,50.5,48.8,"5,885.78","29,726.23","107,912.74",-0.3,"32,536.31","254,996.41",26.22,109.58,105.53
12-Feb,21.3,29.61,16.4,3.2,0.03,"10,431.00",13,4.3,20.5,18.5,-14,-20.9,51,49.6,"1,108.36","30,944.43","110,851.06",-0.9,"33,096.57","255,247.56",27.59,108.11,104.24
12-Mar,11.9,7.07,15.2,3.6,-0.32,"18,704.00",13.4,4.4,20.5,18.5,-13.6,-14.6,53.1,48.3,"-1,135.94","26,886.59","115,650.64",-6.1,"33,049.71","256,493.92",24.95,108.36,105.03
12-Apr,9.3,2.58,14.1,3.4,-0.7,"9,637.00",12.8,3.1,20.5,18.5,-13.4,-11.8,53.3,49.3,"2,889.00","31,230.04","117,097.61",-0.74,"32,989.13","255,888.21",23.06,108.2,105.34
12-May,9.6,14.18,13.8,3,-1.4,"11,432.00",13.2,3.5,20,18,-12.4,-9.1,50.4,48.4,"2,840.00","33,881.71","118,426.03",0.05,"32,061.09","256,122.52",24.08,109.1,106.43
12-Jun,9.5,8.76,13.7,2.2,-2.08,"17,802.00",13.6,4.7,20,18,-10,-5.2,50.2,48.2,"-1,684.00","31,522.05","122,818.33",-6.87,"32,400.05","256,613.37",25.08,108.92,106.85
12-Jul,9.2,2.61,13.1,1.8,-2.87,"10,522.00",13.9,4.6,20,18,-6.6,-0.5,50.1,49.3,"1,144.00","35,796.03","123,710.78",-8.65,"32,399.52","256,575.17",24.38,108.83,106.53
12-Aug,8.9,0.21,13.2,2,-3.48,"12,475.00",13.5,4.5,20,18,-4.1,2.2,49.2,47.6,"-1,157.00","36,201.77","125,701.65",-1.43,"32,729.01","256,400.83",22.66,108.39,106.02
12-Sep,9.2,6.22,14.2,1.9,-3.55,"16,462.00",14.8,7.3,20,18,-4,2.7,49.8,47.9,"-3,421.00","32,503.79","129,459.71",-6.81,"32,850.95","257,707.62",24.57,107.55,105.21
12-Oct,9.6,7.19,14.5,1.7,-2.76,"12,906.00",14.1,6.1,20,18,-1.1,5.6,50.2,49.5,"1,827.00","37,309.72","130,372.74",-0.24,"32,874.26","257,923.87",26.8,107.81,105.67
12-Nov,10.1,1.52,14.9,2,-2.2,"11,225.00",13.9,5.5,20,18,2.4,9.1,50.6,50.5,"-4,289.00","36,161.06","130,299.49",-5.39,"32,976.71","257,187.64",25.74,109.69,107.02
12-Dec,10.3,10.35,15.2,2.5,-1.94,"16,282.00",13.8,6.5,20,18,1.8,10,50.6,51.5,"-12,509.68","24,426.41","132,362.86",-4.47,"33,115.89","258,533.48",26.1,110.04,106.64
13-Jan,17.7,27.05,13.75,2.03,-1.64,"25,446.00",15.9,15.3,20,18,25.65,43.8,50.4,52.3,"5,288.60","27,725.09","133,051.08",-7.27,"34,100.61","265,370.07",25.08,111.58,107.36
13-Feb,2.2,1.11,12.3,3.22,-1.63,"10,705.00",15.2,9.5,20,18,49.5,77.6,50.1,50.4,"1,032.40","27,968.20","132,030.34",6.32,"33,954.18","268,324.33",25.05,113.43,108.19
13-Mar,8.9,12.01,12.6,2.07,-1.92,"25,503.00",15.7,11.9,20,18,37.1,61.3,50.9,51.7,"-1,324.00","25,315.73","138,325.85",5.65,"34,426.49","270,687.35",23.79,113.77,109.91
13-Apr,9.3,15.53,12.8,2.39,-2.62,"17,629.00",16.1,11.9,20,18,38,59.8,50.6,50.4,"2,122.86","30,539.96","139,838.62",0.4,"35,344.82","273,630.89",23.53,114.88,110.82
13-May,9.2,0.24,12.89,2.1,-2.87,"11,871.00",15.8,11.3,20,18,35.6,52.8,50.8,49.2,"2,483.24","35,172.46","142,943.15",0.29,"35,148.07","274,299.51",22.45,115.87,112.51
13-Jun,8.9,-2.08,13.31,2.67,-2.7,"10,375.00",14,9.1,20,18,28.7,43.2,50.1,48.2,-726.72,"33,953.44","147,420.66",20.12,"34,966.86","273,887.46",24.52,115.91,112.79
13-Jul,9.7,7.77,13.21,2.67,-2.27,"8,191.00",14.5,9.7,20,18,25.8,37.8,50.3,47.7,"2,494.10","40,498.72","148,053.48",24.13,"35,478.10","273,642.72",23.32,116.9,113.72
13-Aug,10.4,7.15,13.37,2.57,-1.62,"15,841.00",14.7,9.9,20,18,23.4,34.4,51,50.1,"-1,019.44","41,897.24","151,100.82",0.62,"35,530.43","273,915.92",21.95,116.97,113.55
13-Sep,10.2,3.22,13.31,3.05,-1.34,"14,120.00",14.2,8.9,20,18,23.3,33.9,51.1,50.2,"-3,494.49","38,965.12","154,349.98",4.88,"36,626.62","275,179.54",23.31,117.3,113.29
13-Oct,10.3,6.46,13.32,3.21,-1.51,"8,645.00",14.3,8.9,20,18,21.8,32.3,51.4,50.9,"1,629.06","45,173.37","155,773.88",1.24,"37,365.87","279,595.56",24.23,116.05,112.06
13-Nov,10,9.2,13.72,3.02,-1.42,"12,310.00",14.2,9.4,20,18,20.8,30.7,51.4,50.8,"-3,532.57","44,738.32","156,711.08",2.35,"37,894.51","283,575.03",24.09,117.46,113.39
13-Dec,9.7,6.06,13.6,2.5,-1.36,"12,532.00",13.6,9.3,20,18,17.3,26.3,51,50.5,"-15,554.19","30,133.47","160,026.01",3.3,"38,213.15","286,303.83",24.12,118.52,114.21
14-Jan,8.5,10.26,12.71,2.49,-1.64,"26,004.00",13.2,1.2,20,18,8.6,11.3,50.5,49.5,"5,281.23","31,664.77","158,981.38",16.11,"38,666.41","290,677.49",22.81,120.8,115.58
14-Feb,8.8,-4.95,11.82,1.95,-2,"9,370.00",13.3,6.9,20,18,-0.1,-3.7,50.2,48.5,"2,574.59","35,887.15","163,230.09",4.05,"39,137.39","291,959.95",24.96,120.71,114.86
14-Mar,8.8,-9.06,12.24,2.38,-2.3,"20,934.00",12.1,5.4,20,18,-3.8,-5.2,50.3,48,"-3,262.56","31,063.31","169,395.74",-1.47,"39,480.97","293,851.92",21.4,117.13,112.69
14-Apr,8.7,0.77,11.9,1.8,-2,"15,259.00",13.2,5.5,20,18,-6.9,-7.8,50.4,48.1,"3,071.45","36,678.43","169,909.08",3.4,"39,787.95","295,021.13",20.6,114.53,111.15
14-May,8.8,2.97,12.51,2.48,-1.45,"14,013.00",13.4,5.7,20,18,-7.8,-8.5,50.8,49.4,880.14,"39,705.29","173,218.33",-6.7,"39,838.90","295,396.21",19.81,113.88,110.54
14-Jun,9.2,6.36,12.4,2.34,-1.11,"19,673.00",14.7,8.9,20,18,-6,-6.7,51,50.7,"-3,060.88","36,674.09","178,121.93",0.2,"39,932.13","294,513.41",21.57,113.88,110.94
14-Jul,9,6.8,12.22,2.29,-0.87,"2,737.00",13.5,6.7,20,18,-7.6,-8.2,51.7,51.7,"2,405.38","43,477.78","178,345.95",-16.95,"39,662.67","294,891.76",19.68,114.52,111.44
14-Aug,6.9,3.95,11.9,1.99,-1.2,"9,577.00",12.8,5.7,20,18,-8.3,-8.9,51.1,50.2,"-1,094.53","44,470.12","180,273.71",-14,"39,688.25","294,580.30",18.8,116.46,113.3
14-Sep,8,11.25,11.57,1.63,-1.8,"11,355.00",12.9,4.8,20,18,-8.6,-8.9,51.1,50.2,"-4,072.52","41,304.92","183,304.06",1.9,"38,877.00","294,591.70",20.43,119.23,115.66
14-Oct,7.7,8.33,11.52,1.6,-2.24,"6,807.00",12.6,3.2,20,18,-7.8,-7.9,50.8,50.4,"3,370.42","48,141.71","184,154.31",1.3,"38,529.18","295,252.45",20.43,121.12,117.43
14-Nov,7.2,-0.55,11.72,1.44,-2.69,"11,459.00",12.3,3.2,20,18,-8.2,-7.8,50.3,50,"-2,805.67","48,370.92","185,068.02",22.2,"38,473.54","295,274.11",19.94,123.81,119.96
14-Dec,7.9,3.96,11.89,1.51,-3.32,"16,945.00",12.2,3.2,20,18,-7.6,-6.3,50.1,49.6,"-14,599.01","35,664.48","186,129.37",10.3,"38,430.18","294,090.46",19.64,125.31,120.79
15-Jan,9.6,-10.89,11.3,0.76,-4.32,"20,516.00",10.8,10.6,20,18,-11.95,-11.05,49.8,49.7,"8,066.64","42,296.62","188,465.51",29.4,"38,134.14","293,007.85",19.93,127.37,122.26
15-Feb,3.6,10.67,10.71,1.43,-4.8,"13,609.00",12.5,5.6,19.5,17.5,-16.3,-15.8,49.9,50.7,"-1,215.30","37,591.24","184,555.37",0.9,"38,015.03","293,429.99",19.4,129.29,122.73
15-Mar,5.6,-13.87,10.24,1.38,-4.56,"12,433.00",11.6,2.9,19.5,17.5,-9.2,-9.3,50.1,49.6,"-3,259.49","34,356.39","189,982.85",2.2,"37,300.38","291,865.23",19.77,130.33,125.13
15-Apr,5.9,-11.06,10,1.51,-4.57,"10,582.00",10.1,3.7,18.5,16.5,-4.8,-3.1,50.1,48.9,967.59,"35,457.70","192,657.13",10.5,"37,481.42","292,189.19",16.59,129.48,125.01
15-May,6.1,-9.72,10.13,1.23,-4.61,"12,397.00",10.8,4.7,18.5,16.5,-0.2,3.1,50.2,49.2,"1,231.34","39,310.06","196,075.83",7.8,"37,111.43","292,510.97",16.2,127.88,124.01
15-Jun,6.8,-2.26,10.63,1.39,-4.81,"18,384.00",11.8,4.3,18.5,16.5,3.9,10,50.2,49.4,"-3,478.78","40,610.33","201,272.65",0.7,"36,938.38","291,574.05",15.77,128.67,125.02
15-Jul,6,-8.91,10.51,1.65,-5.37,"7,511.00",13.3,6.6,18.5,16.5,6.1,13.4,50,47.8,"1,516.99","45,759.97","203,305.84",5.2,"36,513.10","289,082.80",15.76,130.68,126.54
15-Aug,6.1,-9.31,10.79,1.96,-5.92,"11,097.00",13.3,9.3,18.5,16.5,7.2,15.3,49.7,47.3,"-3,172.18","44,170.05","205,893.23",22,"35,573.81","281,844.44",14.81,130.09,125.42
15-Sep,5.7,-11.54,10.9,1.6,-5.95,"13,571.00",13.1,11.4,18,16,7.5,15.3,49.8,47.2,"-6,906.85","41,078.42","209,277.72",7.1,"35,141.20","274,231.66",17.61,130.02,125.35
15-Oct,5.6,-12.17,11.02,1.27,-5.9,"5,593.00",13.5,14,17.5,15.5,7.2,14.9,49.8,48.3,943.66,"46,188.99","211,645.53",4.2,"35,255.07","274,361.02",17.13,128.86,124.69
15-Nov,6.2,-7.91,11.17,1.49,-5.9,"10,255.00",13.7,15.7,17.5,15.5,7.4,15.6,49.6,48.6,"-4,982.05","49,033.55","210,625.01",1.9,"34,382.84","272,148.34",17.86,130.86,126.38
15-Dec,5.9,-4.52,11.1,1.6,-5.9,"18,114.00",13.3,15.2,17.5,15.5,6.5,14.4,49.7,48.2,"-13,262.57","34,452.89","207,379.32",-5.8,"33,303.62","265,858.52",18.6,130.2,125.03
16-Jan,5.87,-17.18,10.65,1.8,-5.3,"34,758.00",14,18.6,17.5,15.5,17.35,29,49.4,48.4,"7,032.21","39,606.53","209,000.30",1.1,"32,308.93","242,092.21",17.16,129.71,124
16-Feb,4.91,-22.41,10.2,2.3,-4.9,"8,312.00",13.3,17.4,17.5,15.5,28.2,43.6,49,48,-817.64,"37,916.35","206,678.48",1.8,"32,023.21","239,813.38",16.92,130.93,123.18
16-Mar,6.8,-0.23,10.5,2.3,-4.3,"23,931.00",13.4,22.1,17,15,33.1,54.1,50.2,49.7,"-5,276.84","36,176.81","213,782.77",7.8,"32,125.79","238,365.77",17.6,128.69,122.22
16-Apr,6,-7.87,10.1,2.33,-3.4,"7,809.00",12.8,22.9,17,15,36.5,55.9,50.1,49.4,"2,413.60","45,495.30","216,099.72",6,"32,196.68","237,821.82",16.27,126.32,120.66
16-May,6,-4.33,10,2.04,-2.8,"6,770.00",11.8,23.7,17,15,33.2,50.7,50.1,49.2,0.3,"47,114.71","221,924.40",-1,"31,917.36","237,284.80",15.91,125.33,120.49
16-Jun,6.2,-7.79,10.6,1.88,-2.6,"16,479.00",11.8,24.6,17,15,27.9,42.1,50,48.6,"-7,002.80","43,819.21","228,134.49",9.7,"32,051.62","236,307.53",17.8,123.32,118.99
16-Jul,6,-9.14,10.2,1.77,-1.7,"4,791.00",10.2,25.4,17,15,26.4,39.8,49.9,50.6,"2,001.89","48,700.97","229,785.21",-1.6,"32,010.57","234,402.45",16.11,122.1,117.47
16-Aug,6.3,-1.52,10.6,1.34,-0.8,"14,605.00",11.4,25.3,17,15,25.5,38.7,50.4,50,"-4,292.73","46,891.50","233,406.41",5.7,"31,851.67","232,483.50",15.77,121.18,116.67
16-Sep,6.1,-6.79,10.7,1.92,0.1,"17,115.00",11.5,24.7,17,15,26.9,41.3,50.4,50.1,"-8,614.30","42,906.06","234,758.84",1.2,"31,663.82","229,108.68",18.19,121.61,116.56
16-Oct,6.1,-5.44,10,2.1,1.2,"8,865.00",11.6,23.9,17,15,26.8,41.2,51.2,51.2,"3,540.64","49,726.71","237,580.28",4.7,"31,206.55","226,430.04",16.89,121.35,116.78
16-Nov,6.2,1.42,10.8,2.25,3.3,"18,328.00",11.4,22.7,17,15,24.3,37.5,51.7,50.9,"-6,572.75","46,850.86","239,540.77",0.9,"30,515.98","222,603.28",17.65,122.04,117.1
16-Dec,6,-2.09,10.9,2.08,5.5,"16,260.00",11.3,21.4,17,15,22.5,34.8,51.4,51.9,"-10,700.61","35,292.31","235,086.40",5.7,"30,105.17","219,425.26",19.05,123.13,117.88
17-Jan,2.94,10.61,10.2,2.55,6.9,"37,095.00",10.7,14.5,17,15,23.8,30.4,51.3,51,"6,272.73","39,574.04","230,428.84",-9.2,"29,982.04","217,337.60",19.41,123.63,117.87
17-Feb,10.32,15.5,9.5,0.8,7.8,"11,046.00",10.4,21.4,17,15,25.1,26,51.6,51.7,321.1,"41,476.98","236,714.14",3.1,"30,051.24","216,756.41",18.55,122.44,116.77
17-Mar,7.6,17.7,10.9,0.9,7.6,"24,001.00",10.1,18.8,17,15,19.5,25.1,51.8,51.2,"-8,145.00","33,807.31","243,748.98",1.6,"30,090.88","216,209.50",18.13,120.78,116.04
17-Apr,6.5,8.69,10.7,1.2,6.4,"15,604.00",9.8,18.5,17,15,15.7,20.1,51.2,50.3,"3,148.68","40,232.47","245,846.31",-9.8,"30,295.33","215,789.52",17.71,119.73,115.34
17-May,6.5,10.33,10.7,1.5,5.5,"13,136.00",9.1,17,17,15,14.3,18.6,51.2,49.6,-841.35,"45,779.76","248,968.09",-8.7,"30,535.67","215,496.18",18.11,118.85,114.72
17-Jun,7.6,13.13,11,1.5,5.5,"21,131.00",9.1,15,17,15,16.1,21.5,51.7,50.4,"-9,933.54","39,614.92","255,630.19",-2.8,"30,567.89","215,153.03",19.47,119.21,115.29
17-Jul,6.4,8.44,10.4,1.4,5.5,"14,983.00",8.9,15.3,17,15,14,18.9,51.4,51.1,"2,960.47","51,223.82","257,235.99",-15.8,"30,807.20","215,106.56",18.93,119.34,115.26
17-Aug,6,8.69,10.1,1.8,6.3,"17,514.00",8.6,14,17,15,12.7,17.2,51.7,51.6,"-3,994.80","47,323.45","261,726.17",7,"30,915.27","215,098.35",17.85,120.07,115.82
17-Sep,6.6,12.88,10.3,1.6,6.9,"22,451.00",9,14,17,15,10.3,14.6,52.4,51,"-7,532.44","43,342.43","264,696.38",14.9,"31,085.10","215,106.85",18.17,121.7,117.14
17-Oct,6.2,10.93,10,1.9,6.9,"12,004.00",8.9,13,17,15,8.2,12.6,51.6,51,"5,111.91","53,838.74","267,826.85",2.5,"31,092.13","215,127.83",17.88,122.02,117.34
17-Nov,6.1,14.3,10.2,1.7,5.8,"19,139.00",9.1,12.7,17,15,7.9,12.7,51.8,50.8,"-5,180.29","53,460.59","270,821.62",90,"31,192.77","215,151.52",19.36,121.92,117.29
17-Dec,6.2,8.09,9.4,1.8,4.9,"15,865.00",8.1,11.8,17,15,7.7,13.7,51.6,51.5,"-12,950.43","41,134.49","263,718.21",-8.8,"31,399.49","214,788.33",21.31,122.12,117.21
18-Jan,15.43,22.04,9.55,1.5,4.3,"30,792.93",8.6,15,17,15,5.9,14.5,51.3,51.5,"10,693.51","50,944.50","267,994.42",0.6,"31,614.57","214,833.15",20.31,123.28,118.05
18-Feb,-2.12,24.24,9.7,2.9,3.7,"11,893.60",8.8,8.5,17,15,4.1,15.3,50.3,51.6,"-3,201.94","45,657.55","262,592.12",3.2,"31,344.82","214,873.66",18.83,126.19,119.37
18-Mar,6,5.3,10.1,2.1,3.1,"15,848.34",8.2,7.1,17,15,3.6,10.4,51.5,51,"-7,942.15","40,854.70","269,493.19",2.6,"31,428.20","214,952.04",16.04,124.32,119.35
18-Apr,7,16.5,9.4,1.8,3.4,"17,760.95",8.3,7.2,16,14,1.3,9,51.4,51.1,"3,777.37","48,039.15","271,858.60",1.9,"31,248.52","215,026.26",15.15,124.59,120.28
18-May,6.8,18.19,8.5,1.8,4.1,"9,518.04",8.3,6,16,14,2.9,11.8,51.9,51.1,628.45,"51,900.74","274,972.15",11.7,"31,106.23","215,117.70",14.36,125.36,121.56
18-Jun,6,12.06,9,1.9,4.7,"14,877.32",8,6.6,15.5,13.5,3.3,13.2,51.5,51,"-11,216.67","45,013.01","281,854.15",5.8,"31,121.29","215,193.78",14.83,124.52,120.95
18-Jul,6,18.25,8.8,2.1,4.6,"12,253.62",8.5,5.1,15.5,13.5,4.2,14.4,51.2,50.8,"3,516.28","54,357.91","283,652.50",19.3,"31,179.46","215,301.95",14.08,120.91,117.17
18-Aug,6.1,14.48,9,2.3,4.1,"19,391.25",8.2,3.9,15.5,13.5,4,14.5,51.3,50.6,"-4,060.10","55,207.76","286,011.85",11.4,"31,097.16","215,278.10",13.33,119.84,115.76
18-Sep,5.8,14.12,9.2,2.5,3.6,"21,691.02",8.3,4,15.5,13.5,2.9,13.3,50.8,50,"-9,652.88","51,782.97","290,902.50",8.3,"30,870.25","214,084.15",13.64,120.53,115.98
18-Oct,5.9,17.01,8.6,2.5,3.3,"7,419.66",8,2.7,14.5,12.5,2.2,12.5,50.2,50.1,"3,695.81","57,602.14","292,155.38",7.3,"30,530.98","213,168.39",14.4,120.02,115.47
18-Nov,5.4,3.43,8.1,2.2,2.7,"15,239.34",8,1.5,14.5,12.5,1.4,12.1,50,50.2,"-5,655.82","50,959.48","291,636.98",-27.6,"30,616.97","212,597.09",14.87,119.98,115.4
18-Dec,5.7,-5.94,8.16,1.9,0.9,"15,897.59",8.1,1.5,14.5,12.5,1.3,12.2,49.4,49.7,"-18,135.81","40,538.80","285,046.49",23.2,"30,727.12","212,556.68",18.47,121.07,116.14
19-Jan,6.8,4.2,8.18,1.7,0.1,"46,015.22",8.4,0.4,13.5,11.5,-1.15,7.5,49.5,48.3,"-15,678.21","45,875.44","282,104.79",2.8,"30,879.24","212,544.54",16.56,122.1,116.78
19-Feb,3.36,-13.6,8.2,1.5,0.1,"7,099.22",8,2,13.5,11.5,-3.6,2.8,49.2,49.9,"-13,220.60","49,117.44","284,451.94",3.3,"30,901.80","212,541.24",16.07,124.52,117.87
19-Mar,8.5,2.9,8.7,2.3,0.4,"28,593.72",8.6,4.6,13.5,11.5,-0.9,5.6,50.5,50.8,"-10,763.00","42,190.12","292,106.55",4.9,"30,987.61","212,536.65",15.77,124.37,118.76
19-Apr,5.4,0.5,7.2,2.5,0.9,"13,858.84",8.5,2.9,13.5,11.5,-0.3,8.1,50.1,50.2,"1,957.00","47,536.83","294,309.02",2.8,"30,949.53","212,528.04",14.09,124.01,119.09
19-May,5,-3.4,8.6,2.7,0.6,"14,074.59",8.5,3.4,13.5,11.5,-1.6,6.1,49.4,50.2,-88,"52,385.92","297,538.25",4.6,"31,010.04","212,517.12",13.8,122.18,117.51
19-Jun,6.3,-4,9.8,2.7,0,"22,629.00",8.5,4.4,13.5,11.5,-1.8,5.6,49.4,49.4,"-12,588.00","47,365.46","303,276.80",3,"31,192.34","212,455.20",16.06,120.41,115.89
19-Jul,4.8,-0.7,7.6,2.8,-0.3,"10,111.85",8.1,3.1,13.5,11.5,-1.3,6.2,49.7,49.9,"3,352.00","55,456.66","303,255.97",4.1,"31,036.97","212,448.12",8.03,121.18,116.17